"# repeats per cell: 2000 for |T|=11, 300 for |T|=13, 100 for |T|=15; every question answered `No' independently with probability p"
strategy,strategy_code,|T|,p,1-p,minedKeys_min,minedKeys_max,minedKeys_avg,minedKeySize_min,minedKeySize_max,minedKeySize_avg,minKeys_min,minKeys_max,minKeys_avg,minKeySize_min,minKeySize_max,minKeySize_avg,keyQuestions_min,keyQuestions_max,keyQuestions_avg,questions_min,questions_max,questions_avg,keyRatio_min,keyRatio_max,keyRatio_avg,rounds_min,rounds_max,rounds_avg,ms_min,ms_max,ms_avg
LW-TD,topdown dfs,11,0.0,1.0,0,0,0.0,0,0,0.0,0,0,0.0,0,0,0.0,0,0,0.0,1,1,1.0,0.0,0.0,0.0,1,1,1.0,0,49,0.0375
LW-TD,topdown dfs,11,0.1,0.9,0,31,0.2155,0,218,1.9695,0,31,0.2155,0,218,1.9695,0,42,0.3415,1,272,3.5695,0.0,0.25,0.0121,1,43,1.331,0,99,0.1755
LW-TD,topdown dfs,11,0.2,0.8,0,80,3.3055,0,388,20.9405,0,80,3.3055,0,388,20.9405,0,90,4.15,1,476,20.5125,0.0,0.42857142857142855,0.043,1,90,5.0955,0,401,3.6795
LW-TD,topdown dfs,11,0.3,0.7,0,81,7.458,0,371,38.314,0,81,7.458,0,371,38.314,0,89,9.259,1,304,30.7725,0.0,0.5555555555555556,0.0901,1,89,10.14,0,210,9.6125
LW-TD,topdown dfs,11,0.4,0.6,0,90,10.651,0,409,47.1865,0,90,10.651,0,409,47.1865,0,98,13.5705,1,250,33.878,0.0,0.8333333333333334,0.1646,1,98,14.3835,0,211,19.7455
LW-TD,topdown dfs,11,0.5,0.5,0,69,11.8195,0,267,45.4065,0,69,11.8195,0,267,45.4065,0,77,15.9905,1,174,31.9855,0.0,1.0,0.2659,1,78,16.6815,0,235,36.419
LW-TD,topdown dfs,11,0.6,0.4,0,55,11.6495,0,224,38.093,0,55,11.6495,0,224,38.093,0,64,16.9785,1,126,28.1585,0.0,1.0,0.3789,1,65,17.5625,0,253,55.5465
LW-TD,topdown dfs,11,0.7,0.30000000000000004,0,49,10.488,0,150,28.845,0,49,10.488,0,150,28.845,0,58,16.9045,1,97,24.215,0.0,1.0,0.5008,1,58,17.352,0,253,76.618
LW-TD,topdown dfs,11,0.8,0.20000000000000007,0,40,8.503,0,107,18.537,0,40,8.503,0,107,18.537,0,49,16.326,1,68,20.454,0.0,1.0,0.6634,1,49,16.5995,0,235,97.719
LW-TD,topdown dfs,11,0.9,0.10000000000000009,0,28,5.296,0,82,8.0445,0,28,5.296,0,82,8.0445,0,38,14.4975,1,52,16.1415,0.0,1.0,0.8287,1,38,14.625,0,206,111.3765
LW-TD,topdown dfs,11,1.0,1.1102230246251565E-16,1,1,1.0,0,0,0.0,1,1,1.0,0,0,0.0,12,12,12.0,12,12,12.0,1.0,1.0,1.0,12,12,12.0,100,186,115.577
LW-TD,topdown dfs,13,0.0,1.0,0,0,0.0,0,0,0.0,0,0,0.0,0,0,0.0,0,0,0.0,1,1,1.0,0.0,0.0,0.0,1,1,1.0,0,0,0.0
LW-TD,topdown dfs,13,0.1,0.9,0,104,1.1433,0,763,9.53,0,104,1.1433,0,763,9.53,0,114,1.3767,1,996,13.8867,0.0,0.25,0.0087,1,115,2.3633,0,761,5.37
LW-TD,topdown dfs,13,0.2,0.8,0,155,5.7567,0,818,38.6933,0,155,5.7567,0,818,38.6933,0,164,6.6733,1,852,33.57,0.0,0.2702702702702703,0.0349,1,165,7.62,0,3191,42.6
LW-TD,topdown dfs,13,0.3,0.7,0,147,15.3167,0,710,84.74,0,147,15.3167,0,710,84.74,0,157,17.8067,1,560,59.1333,0.0,0.5454545454545454,0.0927,1,157,18.69,0,3353,154.3033
LW-TD,topdown dfs,13,0.4,0.6,0,115,20.2,0,442,91.0733,0,115,20.2,0,442,91.0733,0,125,23.9533,1,340,60.6,0.0,0.5789473684210527,0.1602,1,126,24.7333,0,4023,471.1867
LW-TD,topdown dfs,13,0.5,0.5,0,108,19.6533,0,400,80.8333,0,108,19.6533,0,400,80.8333,0,119,24.8833,1,246,50.4,0.0,0.6923076923076923,0.2577,1,119,25.6133,0,4284,679.7733
LW-TD,topdown dfs,13,0.6,0.4,0,67,18.6467,0,270,67.1367,0,67,18.6467,0,270,67.1367,0,78,25.1267,1,149,42.0267,0.0,0.9565217391304348,0.3739,1,78,25.7533,0,4275,932.3733
LW-TD,topdown dfs,13,0.7,0.30000000000000004,0,64,14.7567,0,230,44.4467,0,64,14.7567,0,230,44.4467,0,75,22.34,1,119,31.9633,0.0,1.0,0.4915,1,75,22.8333,0,4215,1395.8333
LW-TD,topdown dfs,13,0.8,0.20000000000000007,0,46,12.17,0,132,29.4733,0,46,12.17,0,132,29.4733,0,57,21.42,1,79,26.88,0.0,1.0,0.6508,1,57,21.7333,0,4411,2038.4567
LW-TD,topdown dfs,13,0.9,0.10000000000000009,0,31,6.7133,0,69,10.7033,0,31,6.7133,0,69,10.7033,0,43,17.74,1,52,19.58,0.0,1.0,0.8372,1,43,17.86,0,4346,2576.9133
LW-TD,topdown dfs,13,1.0,1.1102230246251565E-16,1,1,1.0,0,0,0.0,1,1,1.0,0,0,0.0,14,14,14.0,14,14,14.0,1.0,1.0,1.0,14,14,14.0,2327,3098,2701.59
LW-TD,topdown dfs,15,0.0,1.0,0,0,0.0,0,0,0.0,0,0,0.0,0,0,0.0,0,0,0.0,1,1,1.0,0.0,0.0,0.0,1,1,1.0,0,0,0.0
LW-TD,topdown dfs,15,0.1,0.9,0,225,5.22,0,1837,43.1,0,225,5.22,0,1837,43.1,0,236,5.63,1,2476,57.4,0.0,0.18181818181818182,0.0125,1,237,6.62,0,12848,216.55
LW-TD,topdown dfs,15,0.2,0.8,0,267,19.17,0,1330,123.14,0,267,19.17,0,1330,123.14,0,279,20.68,1,1473,104.95,0.0,0.2896551724137931,0.0374,1,280,21.58,0,89063,2136.48
LW-TD,topdown dfs,15,0.3,0.7,0,315,33.41,0,1533,196.21,0,315,33.41,0,1533,196.21,0,326,36.94,1,1204,124.57,0.0,0.39344262295081966,0.1069,1,327,37.81,0,61786,4621.35
LW-TD,topdown dfs,15,0.4,0.6,0,137,23.53,0,772,116.86,0,137,23.53,0,772,116.86,0,149,27.29,1,375,66.86,0.0,0.5641025641025641,0.1374,1,149,28.13,0,72879,7516.04
LW-TD,topdown dfs,15,0.5,0.5,0,123,31.39,0,543,137.12,0,123,31.39,0,543,137.12,0,136,37.67,1,277,76.97,0.0,0.6179775280898876,0.2548,1,136,38.42,0,101451,16021.36
LW-TD,topdown dfs,15,0.6,0.4,0,83,24.79,0,378,98.92,0,83,24.79,0,378,98.92,0,97,32.5,1,174,54.0,0.0,0.78125,0.3775,1,97,33.13,0,110559,20883.63
LW-TD,topdown dfs,15,0.7,0.30000000000000004,0,78,23.18,0,275,74.76,0,78,23.18,0,275,74.76,0,91,32.92,1,137,46.61,0.0,0.8695652173913043,0.537,1,92,33.32,0,103211,34003.26
LW-TD,topdown dfs,15,0.8,0.20000000000000007,0,52,16.28,0,149,40.53,0,52,16.28,0,149,40.53,0,66,27.3,1,81,34.02,0.0,1.0,0.6643,1,67,27.56,0,92614,44040.64
LW-TD,topdown dfs,15,0.9,0.10000000000000009,0,47,9.49,0,134,17.76,0,47,9.49,0,134,17.76,0,60,22.38,1,71,24.82,0.0,1.0,0.8384,1,60,22.48,0,88985,57510.34
LW-TD,topdown dfs,15,1.0,1.1102230246251565E-16,1,1,1.0,0,0,0.0,1,1,1.0,0,0,0.0,16,16,16.0,16,16,16.0,1.0,1.0,1.0,16,16,16.0,52127,59763,58002.02
LW-TB,topdown bfs,11,0.0,1.0,0,0,0.0,0,0,0.0,0,0,0.0,0,0,0.0,0,0,0.0,1,1,1.0,0.0,0.0,0.0,1,1,1.0,0,45,0.039
LW-TB,topdown bfs,11,0.1,0.9,0,4,0.1445,0,40,1.468,0,4,0.1445,0,40,1.468,0,6,0.231,1,18,2.2105,0.0,0.3333333333333333,0.018,1,3,1.1395,0,5,0.048
LW-TB,topdown bfs,11,0.2,0.8,0,8,0.4045,0,72,3.962,0,8,0.4045,0,72,3.962,0,18,0.7525,1,49,3.709,0.0,0.45454545454545453,0.0499,1,4,1.344,0,39,0.0905
LW-TB,topdown bfs,11,0.3,0.7,0,9,0.8225,0,81,7.798,0,9,0.8225,0,81,7.798,0,20,1.7455,1,42,5.843,0.0,0.5652173913043478,0.0975,1,4,1.6005,0,4,0.096
LW-TB,topdown bfs,11,0.4,0.6,0,14,1.553,0,124,14.1815,0,14,1.553,0,124,14.1815,0,38,3.7365,1,65,9.2995,0.0,0.6590909090909091,0.1629,1,5,1.917,0,5,0.198
LW-TB,topdown bfs,11,0.5,0.5,0,17,2.6365,0,149,23.27,0,17,2.6365,0,149,23.27,0,46,7.1645,1,80,14.3615,0.0,0.7021276595744681,0.2427,1,5,2.32,0,53,0.4175
LW-TB,topdown bfs,11,0.6,0.4,0,32,4.6395,0,258,39.1825,0,32,4.6395,0,258,39.1825,0,83,14.572,1,122,24.191,0.0,0.7727272727272727,0.3494,1,5,2.8265,0,6,0.435
LW-TB,topdown bfs,11,0.7,0.30000000000000004,0,35,7.9685,0,277,63.8355,0,35,7.9685,0,277,63.8355,0,139,29.3175,1,184,41.991,0.0,0.8389830508474576,0.4774,1,6,3.504,0,7,0.8495
LW-TB,topdown bfs,11,0.8,0.20000000000000007,0,65,14.5555,0,445,108.258,0,65,14.5555,0,445,108.258,0,292,68.0785,1,344,85.0875,0.0,0.8823529411764706,0.6342,1,6,4.4075,0,20,2.448
LW-TB,topdown bfs,11,0.9,0.10000000000000009,0,81,28.8225,0,497,188.2965,0,81,28.8225,0,497,188.2965,0,555,196.108,1,601,217.8395,0.0,0.9585987261146497,0.812,1,7,5.7825,0,46,9.8295
LW-TB,topdown bfs,11,1.0,1.1102230246251565E-16,11,11,11.0,11,11,11.0,11,11,11.0,11,11,11.0,2047,2047,2047.0,2047,2047,2047.0,1.0,1.0,1.0,11,11,11.0,226,356,273.479
LW-TB,topdown bfs,13,0.0,1.0,0,0,0.0,0,0,0.0,0,0,0.0,0,0,0.0,0,0,0.0,1,1,1.0,0.0,0.0,0.0,1,1,1.0,0,2,0.0067
LW-TB,topdown bfs,13,0.1,0.9,0,3,0.1433,0,36,1.75,0,3,0.1433,0,36,1.75,0,5,0.2133,1,17,2.3233,0.0,0.29411764705882354,0.0141,1,3,1.13,0,2,0.01
LW-TB,topdown bfs,13,0.2,0.8,0,8,0.4633,0,89,5.4267,0,8,0.4633,0,89,5.4267,0,15,0.8633,1,36,4.1767,0.0,0.4838709677419355,0.0456,1,4,1.3467,0,2,0.03
LW-TB,topdown bfs,13,0.3,0.7,0,9,1.02,0,99,11.5567,0,9,1.02,0,99,11.5567,0,18,2.3067,1,44,7.6167,0.0,0.48,0.106,1,4,1.6933,0,4,0.08
LW-TB,topdown bfs,13,0.4,0.6,0,16,1.7567,0,170,19.39,0,16,1.7567,0,170,19.39,0,41,4.2333,1,79,10.7333,0.0,0.5757575757575758,0.149,1,4,1.8967,0,2,0.1433
LW-TB,topdown bfs,13,0.5,0.5,0,17,3.5833,0,183,38.4067,0,17,3.5833,0,183,38.4067,0,47,9.86,1,82,19.64,0.0,0.6923076923076923,0.2507,1,5,2.44,0,11,0.3667
LW-TB,topdown bfs,13,0.6,0.4,0,40,7.0333,0,396,72.3867,0,40,7.0333,0,396,72.3867,0,113,22.1233,1,168,36.63,0.0,0.7558139534883721,0.3659,1,5,3.01,0,12,0.8967
LW-TB,topdown bfs,13,0.7,0.30000000000000004,0,49,13.1333,0,478,129.83,0,49,13.1333,0,478,129.83,0,196,47.0567,1,255,67.17,0.0,0.8040540540540541,0.4922,1,6,3.7233,0,20,2.5267
LW-TB,topdown bfs,13,0.8,0.20000000000000007,0,101,25.9867,0,902,241.04,0,101,25.9867,0,902,241.04,0,397,115.4833,1,475,144.5433,0.0,0.8783269961977186,0.6383,1,6,4.62,0,66,8.4
LW-TB,topdown bfs,13,0.9,0.10000000000000009,0,173,55.6767,0,1396,465.45,0,173,55.6767,0,1396,465.45,0,925,353.8767,1,1014,393.3267,0.0,0.9329446064139941,0.7914,1,7,5.9567,0,196,43.5
LW-TB,topdown bfs,13,1.0,1.1102230246251565E-16,13,13,13.0,13,13,13.0,13,13,13.0,13,13,13.0,8191,8191,8191.0,8191,8191,8191.0,1.0,1.0,1.0,13,13,13.0,4341,5582,4870.3267
LW-TB,topdown bfs,15,0.0,1.0,0,0,0.0,0,0,0.0,0,0,0.0,0,0,0.0,0,0,0.0,1,1,1.0,0.0,0.0,0.0,1,1,1.0,0,0,0.0
LW-TB,topdown bfs,15,0.1,0.9,0,3,0.24,0,42,3.39,0,3,0.24,0,42,3.39,0,4,0.39,1,19,3.77,0.0,0.21052631578947367,0.0235,1,3,1.23,0,2,0.02
LW-TB,topdown bfs,15,0.2,0.8,0,4,0.63,0,56,8.64,0,4,0.63,0,56,8.64,0,9,1.2,1,31,5.85,0.0,0.36363636363636365,0.0584,1,3,1.48,0,4,0.04
LW-TB,topdown bfs,15,0.3,0.7,0,9,1.07,0,116,14.18,0,9,1.07,0,116,14.18,0,23,2.55,1,55,8.52,0.0,0.5476190476190477,0.0924,1,4,1.65,0,12,0.15
LW-TB,topdown bfs,15,0.4,0.6,0,15,2.25,0,191,29.1,0,15,2.25,0,191,29.1,0,44,5.84,1,87,14.59,0.0,0.546875,0.1621,1,4,2.05,0,12,0.27
LW-TB,topdown bfs,15,0.5,0.5,0,25,5.03,0,303,63.23,0,25,5.03,0,303,63.23,0,77,14.54,1,133,28.52,0.0,0.6176470588235294,0.2817,1,5,2.71,0,13,0.81
LW-TB,topdown bfs,15,0.6,0.4,0,39,9.72,0,462,117.94,0,39,9.72,0,462,117.94,0,123,31.66,1,182,51.68,0.0,0.7169811320754716,0.3675,1,5,3.21,0,13,2.42
LW-TB,topdown bfs,15,0.7,0.30000000000000004,0,60,17.72,0,696,209.73,0,60,17.72,0,696,209.73,0,204,62.03,1,287,90.01,0.0,0.7766990291262136,0.4832,1,6,3.78,0,27,5.32
LW-TB,topdown bfs,15,0.8,0.20000000000000007,0,108,43.31,0,1181,483.32,0,108,43.31,0,1181,483.32,0,422,188.9,1,525,236.02,0.0,0.8520408163265306,0.7241,1,7,5.23,0,125,23.56
LW-TB,topdown bfs,15,0.9,0.10000000000000009,0,282,106.23,0,2824,1081.81,0,282,106.23,0,2824,1081.81,0,1628,649.23,1,1803,720.95,0.0,0.9223826714801444,0.7995,1,8,6.24,0,851,180.31
LW-TB,topdown bfs,15,1.0,1.1102230246251565E-16,15,15,15.0,15,15,15.0,15,15,15.0,15,15,15.0,32767,32767,32767.0,32767,32767,32767.0,1.0,1.0,1.0,15,15,15.0,78434,84147,81524.35
LW-BD,bottomup dfs,11,0.0,1.0,0,0,0.0,0,0,0.0,0,0,0.0,0,0,0.0,0,0,0.0,12,12,12.0,0.0,0.0,0.0,12,12,12.0,126,563,157.073
LW-BD,bottomup dfs,11,0.1,0.9,0,10,1.4335,0,84,8.5505,0,10,1.4335,0,84,8.5505,0,13,1.5945,1,51,15.929,0.0,1.0,0.175,1,44,14.463,0,285,129.4915
LW-BD,bottomup dfs,11,0.2,0.8,0,16,3.163,0,122,19.099,0,16,3.163,0,122,19.099,0,25,3.91,1,66,19.9495,0.0,1.0,0.3227,1,43,16.3045,0,227,90.6285
LW-BD,bottomup dfs,11,0.3,0.7,0,20,5.2825,0,144,31.089,0,20,5.2825,0,144,31.089,0,38,7.3395,1,89,24.3235,0.0,1.0,0.4884,1,55,17.4285,0,224,62.4065
LW-BD,bottomup dfs,11,0.4,0.6,0,39,7.0155,0,247,39.299,0,39,7.0155,0,247,39.299,0,57,10.86,1,116,27.158,0.0,1.0,0.6319,1,61,16.9135,0,213,41.512
LW-BD,bottomup dfs,11,0.5,0.5,1,52,9.0615,0,346,47.476,1,52,9.0615,0,346,47.476,1,110,15.5445,1,189,30.939,0.07692307692307693,1.0,0.7435,1,80,16.1115,0,198,25.52
LW-BD,bottomup dfs,11,0.6,0.4,1,71,10.2245,0,402,49.1025,1,71,10.2245,0,402,49.1025,1,153,19.446,1,223,32.3675,0.22727272727272727,1.0,0.8381,1,77,13.7375,0,185,15.0675
LW-BD,bottomup dfs,11,0.7,0.30000000000000004,1,109,10.361,0,575,43.3305,1,109,10.361,0,575,43.3305,1,255,22.098,1,346,31.61,0.42857142857142855,1.0,0.904,1,91,10.3885,0,176,7.4805
LW-BD,bottomup dfs,11,0.8,0.20000000000000007,1,125,7.1155,0,713,23.35,1,125,7.1155,0,713,23.35,1,399,16.842,1,492,21.116,0.6,1.0,0.9606,1,98,5.226,0,196,2.618
LW-BD,bottomup dfs,11,0.9,0.10000000000000009,1,92,2.2125,0,333,2.2125,1,92,2.2125,0,333,2.2125,1,349,3.8545,1,396,4.2765,0.6666666666666666,1.0,0.9886,1,48,1.4145,0,26,0.059
LW-BD,bottomup dfs,11,1.0,1.1102230246251565E-16,1,1,1.0,0,0,0.0,1,1,1.0,0,0,0.0,1,1,1.0,1,1,1.0,1.0,1.0,1.0,1,1,1.0,0,0,0.0
LW-BD,bottomup dfs,13,0.0,1.0,0,0,0.0,0,0,0.0,0,0,0.0,0,0,0.0,0,0,0.0,14,14,14.0,0.0,0.0,0.0,14,14,14.0,2683,3510,3017.37
LW-BD,bottomup dfs,13,0.1,0.9,0,9,1.79,0,69,13.5767,0,9,1.79,0,69,13.5767,0,11,2.0533,1,51,20.25,0.0,1.0,0.17,1,42,18.3267,0,4420,2722.0167
LW-BD,bottomup dfs,13,0.2,0.8,0,15,3.9333,0,143,28.9167,0,15,3.9333,0,143,28.9167,0,23,4.9767,1,73,24.83,0.0,1.0,0.3736,1,58,20.19,0,4384,1752.7667
LW-BD,bottomup dfs,13,0.3,0.7,0,23,6.96,0,200,51.7867,0,23,6.96,0,200,51.7867,0,33,10.0133,1,97,33.1833,0.0,1.0,0.5095,1,65,23.6567,0,4523,1313.2367
LW-BD,bottomup dfs,13,0.4,0.6,1,43,11.0733,0,351,80.55,1,43,11.0733,0,351,80.55,1,77,18.4267,1,165,45.5433,0.14285714285714285,1.0,0.596,1,88,27.7,0,4102,961.2
LW-BD,bottomup dfs,13,0.5,0.5,1,65,13.62,0,580,94.0933,1,65,13.62,0,580,94.0933,1,121,25.0767,1,225,50.0933,0.2,1.0,0.742,1,109,25.74,0,3963,555.59
LW-BD,bottomup dfs,13,0.6,0.4,1,88,16.41,0,781,102.4433,1,88,16.41,0,781,102.4433,1,191,32.5933,1,323,54.7067,0.14285714285714285,1.0,0.8195,1,140,22.8667,0,3872,274.6067
LW-BD,bottomup dfs,13,0.7,0.30000000000000004,1,164,16.3633,0,1119,94.4067,1,164,16.3633,0,1119,94.4067,1,407,39.2167,1,556,55.8633,0.5876288659793815,1.0,0.9138,1,150,17.5533,0,4109,126.61
LW-BD,bottomup dfs,13,0.8,0.20000000000000007,1,240,13.4,0,1600,63.63,1,240,13.4,0,1600,63.63,1,772,35.8967,1,956,45.0333,0.6666666666666666,1.0,0.9605,1,185,10.0833,0,1626,41.79
LW-BD,bottomup dfs,13,0.9,0.10000000000000009,1,192,4.5533,0,689,10.7633,1,192,4.5533,0,689,10.7633,1,778,12.3233,1,855,13.75,0.7666666666666667,1.0,0.9886,1,78,2.4167,0,159,1.3767
LW-BD,bottomup dfs,13,1.0,1.1102230246251565E-16,1,1,1.0,0,0,0.0,1,1,1.0,0,0,0.0,1,1,1.0,1,1,1.0,1.0,1.0,1.0,1,1,1.0,0,0,0.0
LW-BD,bottomup dfs,15,0.0,1.0,0,0,0.0,0,0,0.0,0,0,0.0,0,0,0.0,0,0,0.0,16,16,16.0,0.0,0.0,0.0,16,16,16.0,57912,71245,67769.57
LW-BD,bottomup dfs,15,0.1,0.9,0,9,2.42,0,86,21.27,0,9,2.42,0,86,21.27,0,12,2.81,1,63,25.79,0.0,1.0,0.1865,1,51,23.12,0,94208,57287.84
LW-BD,bottomup dfs,15,0.2,0.8,0,16,5.18,0,160,47.0,0,16,5.18,0,160,47.0,0,23,6.95,1,88,34.07,0.0,1.0,0.3457,1,66,27.45,0,91928,43381.83
LW-BD,bottomup dfs,15,0.3,0.7,1,33,8.77,0,346,77.48,1,33,8.77,0,346,77.48,1,56,13.16,1,142,43.59,0.125,1.0,0.5004,1,98,30.91,0,92466,25740.75
LW-BD,bottomup dfs,15,0.4,0.6,1,40,13.7,0,427,114.88,1,40,13.7,0,427,114.88,1,77,23.5,1,176,58.58,0.13793103448275862,1.0,0.592,1,100,35.71,0,91090,18237.13
LW-BD,bottomup dfs,15,0.5,0.5,1,82,18.82,0,866,160.94,1,82,18.82,0,866,160.94,1,169,35.78,1,323,72.69,0.24390243902439024,1.0,0.7276,1,154,37.59,0,86988,11411.26
LW-BD,bottomup dfs,15,0.6,0.4,1,109,21.78,0,1046,173.89,1,109,21.78,0,1046,173.89,1,259,47.67,1,426,79.53,0.49122807017543857,1.0,0.8444,1,167,32.66,0,61013,5745.34
LW-BD,bottomup dfs,15,0.7,0.30000000000000004,1,163,25.73,0,1416,179.88,1,163,25.73,0,1416,179.88,1,457,64.8,1,647,92.43,0.6282051282051282,1.0,0.9095,1,191,28.55,0,40059,2340.39
LW-BD,bottomup dfs,15,0.8,0.20000000000000007,1,380,35.2,0,3355,239.74,1,380,35.2,0,3355,239.74,1,1308,111.01,1,1620,138.24,0.7559322033898305,1.0,0.952,1,313,28.18,0,40343,1520.49
LW-BD,bottomup dfs,15,0.9,0.10000000000000009,1,396,10.04,0,2545,45.47,1,396,10.04,0,2545,45.47,1,1669,35.85,1,1877,39.87,0.8148148148148148,1.0,0.9867,1,209,5.01,0,3698,58.69
LW-BD,bottomup dfs,15,1.0,1.1102230246251565E-16,1,1,1.0,0,0,0.0,1,1,1.0,0,0,0.0,1,1,1.0,1,1,1.0,1.0,1.0,1.0,1,1,1.0,0,0,0.0
LW-BB,bottomup bfs,11,0.0,1.0,0,0,0.0,0,0,0.0,0,0,0.0,0,0,0.0,0,0,0.0,2048,2048,2048.0,0.0,0.0,0.0,12,12,12.0,221,797,263.3605
LW-BB,bottomup bfs,11,0.1,0.9,1,55,21.533,0,221,68.8015,1,55,21.533,0,221,68.8015,1,55,21.533,1,609,214.397,0.051094890510948905,1.0,0.2005,1,8,5.7075,0,30,4.9895
LW-BB,bottomup bfs,11,0.2,0.8,1,50,16.6995,0,174,43.1015,1,50,16.6995,0,174,43.1015,1,50,16.6995,1,310,83.3265,0.11688311688311688,1.0,0.385,1,6,4.298,0,15,0.9115
LW-BB,bottomup bfs,11,0.3,0.7,1,46,12.988,0,141,28.168,1,46,12.988,0,141,28.168,1,46,12.988,1,204,43.3485,0.17346938775510204,1.0,0.5131,1,6,3.5505,0,15,0.313
LW-BB,bottomup bfs,11,0.4,0.6,1,41,9.54,0,104,17.558,1,41,9.54,0,104,17.558,1,41,9.54,1,109,23.791,0.21818181818181817,1.0,0.6525,1,6,2.812,0,10,0.119
LW-BB,bottomup bfs,11,0.5,0.5,1,36,7.602,0,83,12.097,1,36,7.602,0,83,12.097,1,36,7.602,1,88,15.286,0.28,1.0,0.7434,1,5,2.3865,0,10,0.0615
LW-BB,bottomup bfs,11,0.6,0.4,1,29,5.4025,0,61,7.1765,1,29,5.4025,0,61,7.1765,1,29,5.4025,1,60,9.024,0.3235294117647059,1.0,0.8416,1,5,1.9015,0,9,0.0255
LW-BB,bottomup bfs,11,0.7,0.30000000000000004,1,24,3.8405,0,46,4.1645,1,24,3.8405,0,46,4.1645,1,24,3.8405,1,43,5.444,0.4,1.0,0.9134,1,4,1.532,0,10,0.011
LW-BB,bottomup bfs,11,0.8,0.20000000000000007,1,18,2.933,0,31,2.498,1,18,2.933,0,31,2.498,1,18,2.933,1,27,3.68,0.5,1.0,0.9501,1,4,1.343,0,1,0.006
LW-BB,bottomup bfs,11,0.9,0.10000000000000009,1,15,2.046,0,24,1.215,1,15,2.046,0,24,1.215,1,15,2.046,1,22,2.283,0.6666666666666666,1.0,0.9816,1,3,1.144,0,1,0.0025
LW-BB,bottomup bfs,11,1.0,1.1102230246251565E-16,1,1,1.0,0,0,0.0,1,1,1.0,0,0,0.0,1,1,1.0,1,1,1.0,1.0,1.0,1.0,1,1,1.0,0,1,0.001
LW-BB,bottomup bfs,13,0.0,1.0,0,0,0.0,0,0,0.0,0,0,0.0,0,0,0.0,0,0,0.0,8192,8192,8192.0,0.0,0.0,0.0,14,14,14.0,4842,6072,5372.5333
LW-BB,bottomup bfs,13,0.1,0.9,1,86,41.9567,0,337,144.09,1,86,41.9567,0,337,144.09,1,86,41.9567,1,958,420.7233,0.06748466257668712,1.0,0.1895,1,7,6.1133,0,95,21.3733
LW-BB,bottomup bfs,13,0.2,0.8,1,71,26.2133,0,229,71.8033,1,71,26.2133,0,229,71.8033,1,71,26.2133,1,419,133.2367,0.13227513227513227,1.0,0.399,1,6,4.42,0,20,2.5633
LW-BB,bottomup bfs,13,0.3,0.7,1,65,20.78,0,190,48.66,1,65,20.78,0,190,48.66,1,65,20.78,1,242,69.45,0.17708333333333334,1.0,0.4891,1,6,3.86,0,7,0.7033
LW-BB,bottomup bfs,13,0.4,0.6,1,50,13.2367,0,129,25.8667,1,50,13.2367,0,129,25.8667,1,50,13.2367,1,145,33.3767,0.25252525252525254,1.0,0.6473,1,5,2.93,0,9,0.23
LW-BB,bottomup bfs,13,0.5,0.5,1,46,10.17,0,110,17.3133,1,46,10.17,0,110,17.3133,1,46,10.17,1,100,20.1133,0.34545454545454546,1.0,0.7545,1,5,2.4433,0,2,0.1
LW-BB,bottomup bfs,13,0.6,0.4,1,30,6.7767,0,69,9.5367,1,30,6.7767,0,69,9.5367,1,30,6.7767,1,73,11.2233,0.38235294117647056,1.0,0.8453,1,4,1.9667,0,7,0.05
LW-BB,bottomup bfs,13,0.7,0.30000000000000004,1,31,5.63,0,60,7.01,1,31,5.63,0,60,7.01,1,31,5.63,1,53,8.1567,0.5,1.0,0.8951,1,4,1.68,0,0,0.0
LW-BB,bottomup bfs,13,0.8,0.20000000000000007,1,21,3.2233,0,36,2.8533,1,21,3.2233,0,36,2.8533,1,21,3.2233,1,35,3.99,0.5555555555555556,1.0,0.9576,1,4,1.3233,0,0,0.0
LW-BB,bottomup bfs,13,0.9,0.10000000000000009,1,13,2.28,0,16,1.46,1,13,2.28,0,16,1.46,1,13,2.28,1,17,2.5433,0.7333333333333333,1.0,0.9823,1,3,1.1567,0,4,0.0167
LW-BB,bottomup bfs,13,1.0,1.1102230246251565E-16,1,1,1.0,0,0,0.0,1,1,1.0,0,0,0.0,1,1,1.0,1,1,1.0,1.0,1.0,1.0,1,1,1.0,0,0,0.0
LW-BB,bottomup bfs,15,0.0,1.0,0,0,0.0,0,0,0.0,0,0,0.0,0,0,0.0,0,0,0.0,32768,32768,32768.0,0.0,0.0,0.0,16,16,16.0,87725,96907,93942.6
LW-BB,bottomup bfs,15,0.1,0.9,1,163,77.86,0,664,280.09,1,163,77.86,0,664,280.09,1,163,77.86,1,1829,775.97,0.07560975609756097,1.0,0.1379,1,8,6.66,0,390,77.76
LW-BB,bottomup bfs,15,0.2,0.8,1,105,46.68,0,324,133.62,1,105,46.68,0,324,133.62,1,105,46.68,1,541,234.31,0.13043478260869565,1.0,0.3009,1,6,5.18,0,28,7.13
LW-BB,bottomup bfs,15,0.3,0.7,1,90,26.9,0,261,64.81,1,90,26.9,0,261,64.81,1,90,26.9,1,316,90.95,0.23655913978494625,1.0,0.5236,1,6,3.72,0,13,1.24
LW-BB,bottomup bfs,15,0.4,0.6,1,78,19.65,0,202,41.04,1,78,19.65,0,202,41.04,1,78,19.65,1,198,49.37,0.30337078651685395,1.0,0.6262,1,5,3.19,0,13,0.62
LW-BB,bottomup bfs,15,0.5,0.5,1,42,10.55,0,92,17.94,1,42,10.55,0,92,17.94,1,42,10.55,1,93,20.26,0.40625,1.0,0.8017,1,4,2.2,0,13,0.15
LW-BB,bottomup bfs,15,0.6,0.4,1,39,8.27,0,76,11.85,1,39,8.27,0,76,11.85,1,39,8.27,1,65,13.26,0.4642857142857143,1.0,0.8511,1,4,1.97,0,4,0.04
LW-BB,bottomup bfs,15,0.7,0.30000000000000004,1,25,4.54,0,45,5.1,1,25,4.54,0,45,5.1,1,25,4.54,1,46,6.29,0.5434782608695652,1.0,0.9313,1,4,1.48,0,0,0.0
LW-BB,bottomup bfs,15,0.8,0.20000000000000007,1,17,2.96,0,23,2.49,1,17,2.96,0,23,2.49,1,17,2.96,1,22,3.55,0.6818181818181818,1.0,0.9702,1,3,1.26,0,0,0.0
LW-BB,bottomup bfs,15,0.9,0.10000000000000009,1,17,2.49,0,23,1.73,1,17,2.49,0,23,1.73,1,17,2.49,1,22,2.79,0.7647058823529411,1.0,0.9831,1,3,1.16,0,9,0.09
LW-BB,bottomup bfs,15,1.0,1.1102230246251565E-16,1,1,1.0,0,0,0.0,1,1,1.0,0,0,0.0,1,1,1.0,1,1,1.0,1.0,1.0,1.0,1,1,1.0,0,0,0.0
DA-TD,dualize topdown dfs,11,0.0,1.0,0,0,0.0,0,0,0.0,0,0,0.0,0,0,0.0,0,0,0.0,1,1,1.0,0.0,0.0,0.0,1,1,1.0,0,32,0.034
DA-TD,dualize topdown dfs,11,0.1,0.9,0,8,0.28,0,78,2.837,0,4,0.15,0,40,1.478,0,8,0.28,1,41,2.7455,0.0,0.3157894736842105,0.0153,1,5,1.15,0,16,0.1235
DA-TD,dualize topdown dfs,11,0.2,0.8,0,20,1.071,0,174,10.136,0,9,0.4355,0,77,3.8715,0,20,1.071,1,64,5.418,0.0,0.5714285714285714,0.0445,1,10,1.4355,0,12,0.122
DA-TD,dualize topdown dfs,11,0.3,0.7,0,38,2.9405,0,304,26.0965,0,15,1.0565,0,122,8.571,0,38,2.9405,1,98,9.8595,0.0,0.7692307692307693,0.0927,1,16,2.0565,0,12,0.268
DA-TD,dualize topdown dfs,11,0.4,0.6,0,60,6.5255,0,448,54.02,0,23,2.147,0,166,15.7405,0,60,6.5255,1,142,16.35,0.0,0.7692307692307693,0.1529,1,24,3.147,0,105,0.6065
DA-TD,dualize topdown dfs,11,0.5,0.5,0,95,13.36,0,602,103.161,0,31,4.019,0,190,26.427,0,95,13.36,1,174,26.863,0.0,1.0,0.2469,1,32,5.019,0,43,0.8685
DA-TD,dualize topdown dfs,11,0.6,0.4,0,124,23.704,0,796,167.87,0,45,6.5055,0,235,37.145,0,124,23.704,1,197,39.435,0.0,1.0,0.3654,1,46,7.5055,0,91,2.2295
DA-TD,dualize topdown dfs,11,0.7,0.30000000000000004,0,157,33.129,0,962,214.8145,0,53,7.933,0,262,37.8565,0,157,33.129,1,230,47.3215,0.0,1.0,0.5006,1,54,8.933,0,202,2.4745
DA-TD,dualize topdown dfs,11,0.8,0.20000000000000007,0,140,38.4805,0,808,226.3935,0,40,7.7605,0,164,28.395,0,140,38.4805,1,176,48.016,0.0,1.0,0.6595,1,41,8.7605,0,52,1.591
DA-TD,dualize topdown dfs,11,0.9,0.10000000000000009,0,133,33.407,0,661,179.765,0,33,5.1635,0,108,11.8165,0,133,33.407,1,148,37.1195,0.0,1.0,0.8326,1,34,6.1635,0,18,0.3805
DA-TD,dualize topdown dfs,11,1.0,1.1102230246251565E-16,12,12,12.0,66,66,66.0,1,1,1.0,0,0,0.0,12,12,12.0,12,12,12.0,1.0,1.0,1.0,2,2,2.0,0,2,0.007
DA-TD,dualize topdown dfs,13,0.0,1.0,0,0,0.0,0,0,0.0,0,0,0.0,0,0,0.0,0,0,0.0,1,1,1.0,0.0,0.0,0.0,1,1,1.0,0,0,0.0
DA-TD,dualize topdown dfs,13,0.1,0.9,0,8,0.3367,0,92,4.0033,0,3,0.1567,0,34,1.8067,0,8,0.3367,1,38,3.2,0.0,0.2413793103448276,0.0145,1,4,1.1567,0,1,0.0133
DA-TD,dualize topdown dfs,13,0.2,0.8,0,21,1.6167,0,228,18.1333,0,8,0.63,0,89,6.6633,0,21,1.6167,1,86,8.0433,0.0,0.3793103448275862,0.0476,1,9,1.63,0,2,0.0733
DA-TD,dualize topdown dfs,13,0.3,0.7,0,41,4.8333,0,411,50.6967,0,14,1.6667,0,138,16.06,0,41,4.8333,1,109,15.7233,0.0,0.4567901234567901,0.0991,1,15,2.6667,0,6,0.3333
DA-TD,dualize topdown dfs,13,0.4,0.6,0,129,9.99,0,1177,98.6733,0,44,3.2333,0,360,28.78,0,129,9.99,1,281,25.4767,0.0,0.5555555555555556,0.1483,1,45,4.2333,0,137,1.7767
DA-TD,dualize topdown dfs,13,0.5,0.5,0,163,23.22,0,1324,213.5833,0,57,7.0967,0,411,57.2833,0,163,23.22,1,325,46.94,0.0,0.7619047619047619,0.2462,1,58,8.0967,0,340,7.2833
DA-TD,dualize topdown dfs,13,0.6,0.4,0,216,48.91,0,1639,403.1433,0,69,13.6867,0,485,94.1933,0,216,48.91,1,349,80.7967,0.0,0.8666666666666667,0.3592,1,70,14.6867,0,987,32.0133
DA-TD,dualize topdown dfs,13,0.7,0.30000000000000004,0,313,67.52,0,2102,510.64,0,87,16.7567,0,527,98.1833,0,313,67.52,1,432,96.37,0.0,1.0,0.4825,1,88,17.7567,0,1234,44.8167
DA-TD,dualize topdown dfs,13,0.8,0.20000000000000007,0,286,83.0533,0,2005,557.7433,0,80,17.23,0,455,77.4633,0,286,83.0533,1,374,103.5833,0.0,1.0,0.6511,1,81,18.23,0,1571,27.5
DA-TD,dualize topdown dfs,13,0.9,0.10000000000000009,0,257,58.1733,0,1415,357.5267,0,59,8.81,0,204,25.2767,0,257,58.1733,1,298,64.5867,0.0,1.0,0.8386,1,60,9.81,0,525,4.8733
DA-TD,dualize topdown dfs,13,1.0,1.1102230246251565E-16,14,14,14.0,91,91,91.0,1,1,1.0,0,0,0.0,14,14,14.0,14,14,14.0,1.0,1.0,1.0,2,2,2.0,0,2,0.0067
DA-TD,dualize topdown dfs,15,0.0,1.0,0,0,0.0,0,0,0.0,0,0,0.0,0,0,0.0,0,0,0.0,1,1,1.0,0.0,0.0,0.0,1,1,1.0,0,0,0.0
DA-TD,dualize topdown dfs,15,0.1,0.9,0,17,0.44,0,208,5.71,0,5,0.13,0,64,1.56,0,17,0.44,1,72,3.41,0.0,0.2361111111111111,0.0098,1,6,1.13,0,0,0.0
DA-TD,dualize topdown dfs,15,0.2,0.8,0,20,1.03,0,259,13.47,0,8,0.37,0,98,4.56,0,20,1.03,1,92,5.6,0.0,0.3018867924528302,0.0265,1,9,1.37,0,10,0.12
DA-TD,dualize topdown dfs,15,0.3,0.7,0,47,5.95,0,548,73.33,0,16,1.97,0,173,22.55,0,47,5.95,1,136,19.82,0.0,0.4186046511627907,0.1077,1,17,2.97,0,17,0.5
DA-TD,dualize topdown dfs,15,0.4,0.6,0,93,14.7,0,1057,170.21,0,35,4.83,0,381,51.35,0,93,14.7,1,247,36.79,0.0,0.5084745762711864,0.1467,1,36,5.83,0,121,5.5
DA-TD,dualize topdown dfs,15,0.5,0.5,0,275,38.98,0,2705,414.89,0,85,12.24,0,750,117.2,0,275,38.98,1,542,78.71,0.0,0.631578947368421,0.2345,1,86,13.24,0,1133,59.65
DA-TD,dualize topdown dfs,15,0.6,0.4,0,416,96.36,0,3525,924.14,0,135,28.84,0,1068,239.86,0,416,96.36,1,711,161.21,0.0,0.6842105263157895,0.3685,1,136,29.84,0,8537,563.11
DA-TD,dualize topdown dfs,15,0.7,0.30000000000000004,0,671,177.97,0,5381,1523.49,0,210,46.98,0,1403,327.74,0,671,177.97,1,942,254.94,0.0,1.0,0.5206,1,211,47.98,0,65988,1879.81
DA-TD,dualize topdown dfs,15,0.8,0.20000000000000007,0,539,150.43,0,3947,1163.13,0,129,31.92,0,671,176.89,0,539,150.43,1,643,189.35,0.0,1.0,0.615,1,130,32.92,0,7609,389.16
DA-TD,dualize topdown dfs,15,0.9,0.10000000000000009,0,350,112.4,0,2166,750.25,0,69,17.4,0,258,58.92,0,350,112.4,1,391,124.92,0.0,1.0,0.8164,1,70,18.4,0,529,32.1
DA-TD,dualize topdown dfs,15,1.0,1.1102230246251565E-16,16,16,16.0,120,120,120.0,1,1,1.0,0,0,0.0,16,16,16.0,16,16,16.0,1.0,1.0,1.0,2,2,2.0,0,1,0.02
DA-TB,dualize topdown bfs,11,0.0,1.0,0,0,0.0,0,0,0.0,0,0,0.0,0,0,0.0,0,0,0.0,1,1,1.0,0.0,0.0,0.0,1,1,1.0,0,13,0.025
DA-TB,dualize topdown bfs,11,0.1,0.9,0,8,0.2585,0,79,2.633,0,4,0.141,0,40,1.3965,0,8,0.2585,1,29,2.5615,0.0,0.3333333333333333,0.0153,1,4,1.132,0,10,0.065
DA-TB,dualize topdown bfs,11,0.2,0.8,0,19,0.968,0,172,9.3445,0,7,0.4315,0,60,3.981,0,19,0.968,1,59,4.913,0.0,0.46153846153846156,0.0451,1,4,1.352,0,190,0.251
DA-TB,dualize topdown bfs,11,0.3,0.7,0,32,2.3015,0,232,20.933,0,10,0.805,0,85,6.755,0,32,2.3015,1,68,7.698,0.0,0.7142857142857143,0.0883,1,6,1.5875,0,6,0.108
DA-TB,dualize topdown bfs,11,0.4,0.6,0,43,5.325,0,331,46.036,0,14,1.633,0,111,12.6055,0,43,5.325,1,85,13.287,0.0,0.7142857142857143,0.1632,1,6,2.062,0,37,0.287
DA-TB,dualize topdown bfs,11,0.5,0.5,0,80,10.5665,0,551,86.0125,0,24,2.862,0,156,19.921,0,80,10.5665,1,136,21.0535,0.0,0.9166666666666666,0.258,1,7,2.632,0,5,0.219
DA-TB,dualize topdown bfs,11,0.6,0.4,0,99,18.401,0,717,139.256,0,30,4.468,0,202,27.3585,0,99,18.401,1,155,30.4995,0.0,1.0,0.3589,1,7,3.2725,0,7,0.359
DA-TB,dualize topdown bfs,11,0.7,0.30000000000000004,0,129,29.2365,0,853,202.7505,0,35,6.1575,0,177,31.4915,0,129,29.2365,1,174,41.6485,0.0,1.0,0.5005,1,8,4.0675,0,7,0.444
DA-TB,dualize topdown bfs,11,0.8,0.20000000000000007,0,162,38.108,0,1013,237.977,0,36,6.914,0,167,27.266,0,162,38.108,1,206,47.7035,0.0,1.0,0.6629,1,10,4.713,0,11,0.4875
DA-TB,dualize topdown bfs,11,0.9,0.10000000000000009,0,159,33.491,0,871,185.744,0,33,4.832,0,113,11.521,0,159,33.491,1,177,37.156,0.0,1.0,0.833,1,11,4.41,0,7,0.2175
DA-TB,dualize topdown bfs,11,1.0,1.1102230246251565E-16,12,12,12.0,66,66,66.0,1,1,1.0,0,0,0.0,12,12,12.0,12,12,12.0,1.0,1.0,1.0,2,2,2.0,0,1,0.0055
DA-TB,dualize topdown bfs,13,0.0,1.0,0,0,0.0,0,0,0.0,0,0,0.0,0,0,0.0,0,0,0.0,1,1,1.0,0.0,0.0,0.0,1,1,1.0,0,0,0.0
DA-TB,dualize topdown bfs,13,0.1,0.9,0,6,0.28,0,72,3.42,0,4,0.16,0,48,1.91,0,6,0.28,1,28,2.9633,0.0,0.2222222222222222,0.0135,1,3,1.1467,0,1,0.01
DA-TB,dualize topdown bfs,13,0.2,0.8,0,16,1.2867,0,174,14.7267,0,5,0.5067,0,53,5.5167,0,16,1.2867,1,55,6.1533,0.0,0.3684210526315789,0.0504,1,4,1.4167,0,2,0.04
DA-TB,dualize topdown bfs,13,0.3,0.7,0,23,3.07,0,247,33.6833,0,9,1.0033,0,90,10.2433,0,23,3.07,1,65,10.5467,0.0,0.4473684210526316,0.0944,1,5,1.7167,0,2,0.0867
DA-TB,dualize topdown bfs,13,0.4,0.6,0,53,7.3333,0,526,76.6867,0,16,2.2433,0,158,21.4133,0,53,7.3333,1,95,18.5733,0.0,0.6666666666666666,0.1574,1,6,2.2033,0,3,0.2067
DA-TB,dualize topdown bfs,13,0.5,0.5,0,118,16.2,0,1073,158.7533,0,35,4.2733,0,274,36.7333,0,118,16.2,1,187,32.3367,0.0,0.6875,0.2578,1,7,2.9433,0,8,0.4633
DA-TB,dualize topdown bfs,13,0.6,0.4,0,170,29.97,0,1510,272.3767,0,51,7.2533,0,393,55.4467,0,170,29.97,1,278,49.57,0.0,0.8666666666666667,0.354,1,8,3.6633,0,27,1.11
DA-TB,dualize topdown bfs,13,0.7,0.30000000000000004,0,209,47.3367,0,1789,398.9533,0,54,9.94,0,384,65.8133,0,209,47.3367,1,291,68.2967,0.0,1.0,0.4725,1,9,4.4967,0,27,1.8933
DA-TB,dualize topdown bfs,13,0.8,0.20000000000000007,0,388,69.1567,0,2919,517.0133,0,86,12.5767,0,500,65.17,0,388,69.1567,1,488,86.4933,0.0,1.0,0.6473,1,11,5.4533,0,120,3.0
DA-TB,dualize topdown bfs,13,0.9,0.10000000000000009,0,261,59.1467,0,1813,382.2533,0,43,8.0433,0,187,24.47,0,261,59.1467,1,294,65.6,0.0,1.0,0.8433,1,12,5.5733,0,20,0.83
DA-TB,dualize topdown bfs,13,1.0,1.1102230246251565E-16,14,14,14.0,91,91,91.0,1,1,1.0,0,0,0.0,14,14,14.0,14,14,14.0,1.0,1.0,1.0,2,2,2.0,0,1,0.01
DA-TB,dualize topdown bfs,15,0.0,1.0,0,0,0.0,0,0,0.0,0,0,0.0,0,0,0.0,0,0,0.0,1,1,1.0,0.0,0.0,0.0,1,1,1.0,0,0,0.0
DA-TB,dualize topdown bfs,15,0.1,0.9,0,9,0.33,0,123,4.59,0,5,0.17,0,66,2.3,0,9,0.33,1,39,3.21,0.0,0.23076923076923078,0.0114,1,4,1.13,0,1,0.01
DA-TB,dualize topdown bfs,15,0.2,0.8,0,14,1.26,0,176,16.82,0,5,0.48,0,65,6.17,0,14,1.26,1,53,6.91,0.0,0.3333333333333333,0.0435,1,4,1.39,0,2,0.09
DA-TB,dualize topdown bfs,15,0.3,0.7,0,40,5.31,0,479,66.97,0,13,1.79,0,152,21.34,0,40,5.31,1,100,16.95,0.0,0.40816326530612246,0.104,1,5,1.92,0,5,0.3
DA-TB,dualize topdown bfs,15,0.4,0.6,0,53,9.44,0,659,115.94,0,20,2.9,0,233,32.85,0,53,9.44,1,139,24.63,0.0,0.49382716049382713,0.1471,1,5,2.29,0,7,0.54
DA-TB,dualize topdown bfs,15,0.5,0.5,0,97,20.93,0,1129,240.39,0,26,5.36,0,273,55.04,0,97,20.93,1,180,42.61,0.0,0.576271186440678,0.2252,1,7,2.88,0,11,1.11
DA-TB,dualize topdown bfs,15,0.6,0.4,0,215,50.47,0,2126,540.82,0,51,12.5,0,478,116.64,0,215,50.47,1,320,83.94,0.0,0.6736842105263158,0.3351,1,9,3.95,0,32,4.25
DA-TB,dualize topdown bfs,15,0.7,0.30000000000000004,0,390,95.99,0,3620,938.88,0,86,20.96,0,645,169.29,0,390,95.99,1,531,137.45,0.0,0.8064516129032258,0.4602,1,9,5.17,0,99,10.67
DA-TB,dualize topdown bfs,15,0.8,0.20000000000000007,0,473,117.56,0,4168,1015.8,0,98,21.22,0,683,134.46,0,473,117.56,1,593,146.84,0.0,1.0,0.6102,1,11,6.15,0,169,11.8
DA-TB,dualize topdown bfs,15,0.9,0.10000000000000009,0,416,98.81,0,3166,738.73,0,63,12.9,0,296,50.04,0,416,98.81,1,467,109.89,0.0,1.0,0.8574,1,13,6.41,0,67,4.24
DA-TB,dualize topdown bfs,15,1.0,1.1102230246251565E-16,16,16,16.0,120,120,120.0,1,1,1.0,0,0,0.0,16,16,16.0,16,16,16.0,1.0,1.0,1.0,2,2,2.0,0,1,0.03
DA-BD,dualize bottomup dfs,11,0.0,1.0,0,0,0.0,0,0,0.0,0,0,0.0,0,0,0.0,0,0,0.0,12,12,12.0,0.0,0.0,0.0,2,2,2.0,0,17,0.076
DA-BD,dualize bottomup dfs,11,0.1,0.9,0,22,3.4295,0,168,19.376,0,16,2.327,0,118,11.2015,0,22,3.4295,1,152,35.336,0.0,1.0,0.1544,1,34,5.8945,0,93,0.9755
DA-BD,dualize bottomup dfs,11,0.2,0.8,0,47,10.2955,0,271,53.8895,0,34,6.682,0,181,29.727,0,47,10.2955,1,213,51.6075,0.0,1.0,0.3365,1,46,9.4785,0,92,1.944
DA-BD,dualize bottomup dfs,11,0.3,0.7,0,73,15.561,0,386,72.1335,0,42,9.7785,0,211,37.7115,0,73,15.561,1,224,51.4665,0.0,1.0,0.4994,1,45,9.741,0,140,3.101
DA-BD,dualize bottomup dfs,11,0.4,0.6,0,84,16.516,0,428,66.073,0,53,10.239,0,242,32.9875,0,84,16.516,1,204,41.3745,0.0,1.0,0.6347,1,44,7.819,0,76,2.114
DA-BD,dualize bottomup dfs,11,0.5,0.5,1,97,13.1005,0,394,43.4285,1,57,7.9595,0,198,19.936,1,97,13.1005,1,183,26.015,0.13043478260869565,1.0,0.7614,1,36,4.822,0,37,0.6635
DA-BD,dualize bottomup dfs,11,0.6,0.4,1,85,10.3675,0,337,28.275,1,50,6.357,0,172,12.553,1,85,10.3675,1,152,17.2095,0.15384615384615385,1.0,0.8426,1,25,3.244,0,17,0.2385
DA-BD,dualize bottomup dfs,11,0.7,0.30000000000000004,1,66,6.4785,0,209,13.732,1,41,4.141,0,107,5.8755,1,66,6.4785,1,92,9.225,0.44,1.0,0.9153,1,14,1.9845,0,4,0.0515
DA-BD,dualize bottomup dfs,11,0.8,0.20000000000000007,1,54,4.5065,0,156,7.1675,1,33,3.04,0,84,3.0485,1,54,4.5065,1,77,5.648,0.4666666666666667,1.0,0.9543,1,12,1.4665,0,2,0.017
DA-BD,dualize bottomup dfs,11,0.9,0.10000000000000009,1,35,2.448,0,79,2.2245,1,19,2.009,0,35,1.2045,1,35,2.448,1,46,2.7095,0.7142857142857143,1.0,0.9856,1,7,1.1465,0,1,0.0035
DA-BD,dualize bottomup dfs,11,1.0,1.1102230246251565E-16,1,1,1.0,0,0,0.0,1,1,1.0,0,0,0.0,1,1,1.0,1,1,1.0,1.0,1.0,1.0,1,1,1.0,0,2,0.001
DA-BD,dualize bottomup dfs,13,0.0,1.0,0,0,0.0,0,0,0.0,0,0,0.0,0,0,0.0,0,0,0.0,14,14,14.0,0.0,0.0,0.0,2,2,2.0,0,1,0.0167
DA-BD,dualize bottomup dfs,13,0.1,0.9,0,26,6.31,0,226,44.1267,0,17,4.17,0,140,25.2233,0,26,6.31,1,202,63.2467,0.0,1.0,0.196,1,38,9.62,0,61,2.9867
DA-BD,dualize bottomup dfs,13,0.2,0.8,0,102,20.54,0,727,130.8333,0,72,13.1733,0,477,73.0,0,102,20.54,1,477,102.0867,0.0,1.0,0.3494,1,99,18.05,0,3467,45.6167
DA-BD,dualize bottomup dfs,13,0.3,0.7,0,169,29.1933,0,1026,160.0767,0,102,18.1933,0,550,85.57,0,169,29.1933,1,492,97.7133,0.0,1.0,0.5092,1,103,17.9367,0,3369,86.6267
DA-BD,dualize bottomup dfs,13,0.4,0.6,0,179,30.8733,0,970,145.34,0,103,18.96,0,497,74.3233,0,179,30.8733,1,423,77.8267,0.0,1.0,0.6485,1,86,14.25,0,1694,40.6133
DA-BD,dualize bottomup dfs,13,0.5,0.5,1,169,26.41,0,913,103.24,1,110,15.9067,0,537,49.9233,1,169,26.41,1,392,52.83,0.36363636363636365,1.0,0.7444,1,82,9.1033,0,1434,14.2533
DA-BD,dualize bottomup dfs,13,0.6,0.4,1,164,18.2233,0,638,58.3067,1,93,10.7533,0,302,25.87,1,164,18.2233,1,268,30.5467,0.3125,1.0,0.8292,1,42,5.0433,0,145,2.1967
DA-BD,dualize bottomup dfs,13,0.7,0.30000000000000004,1,85,11.78,0,265,29.3433,1,47,7.1867,0,119,12.5367,1,85,11.78,1,114,16.9167,0.5542168674698795,1.0,0.8916,1,19,2.8133,0,15,0.3033
DA-BD,dualize bottomup dfs,13,0.8,0.20000000000000007,1,51,5.3833,0,145,9.3133,1,29,3.5767,0,55,3.89,1,51,5.3833,1,64,6.6267,0.6071428571428571,1.0,0.9594,1,8,1.4967,0,1,0.0267
DA-BD,dualize bottomup dfs,13,0.9,0.10000000000000009,1,30,2.8067,0,65,2.8267,1,14,2.14,0,21,1.3433,1,30,2.8067,1,39,3.1167,0.75,1.0,0.986,1,4,1.1467,0,1,0.0033
DA-BD,dualize bottomup dfs,13,1.0,1.1102230246251565E-16,1,1,1.0,0,0,0.0,1,1,1.0,0,0,0.0,1,1,1.0,1,1,1.0,1.0,1.0,1.0,1,1,1.0,0,2,0.0067
DA-BD,dualize bottomup dfs,15,0.0,1.0,0,0,0.0,0,0,0.0,0,0,0.0,0,0,0.0,0,0,0.0,16,16,16.0,0.0,0.0,0.0,2,2,2.0,0,1,0.01
DA-BD,dualize bottomup dfs,15,0.1,0.9,0,48,12.26,0,422,100.82,0,35,7.99,0,282,57.5,0,48,12.26,1,366,123.7,0.0,1.0,0.1583,1,61,17.39,0,439,29.23
DA-BD,dualize bottomup dfs,15,0.2,0.8,1,157,49.26,0,1246,375.12,1,99,31.87,0,732,219.3,1,157,49.26,1,708,248.13,0.0625,1.0,0.3506,1,139,43.18,0,21855,1425.47
DA-BD,dualize bottomup dfs,15,0.3,0.7,0,234,76.2,0,1750,496.16,0,157,48.32,0,1082,281.01,0,234,76.2,1,789,255.9,0.0,1.0,0.4595,1,160,47.53,0,32955,2478.83
DA-BD,dualize bottomup dfs,15,0.4,0.6,1,266,54.75,0,1684,284.68,1,172,33.61,0,984,150.78,1,266,54.75,1,681,134.79,0.2807017543859649,1.0,0.6846,1,129,24.6,0,9494,585.06
DA-BD,dualize bottomup dfs,15,0.5,0.5,1,221,38.26,0,1136,167.09,1,124,22.77,0,571,81.17,1,221,38.26,1,451,76.46,0.4380165289256198,1.0,0.7935,1,76,12.66,0,1367,71.63
DA-BD,dualize bottomup dfs,15,0.6,0.4,1,131,25.29,0,529,88.41,1,78,14.9,0,267,39.8,1,131,25.29,1,233,41.79,0.43333333333333335,1.0,0.844,1,36,6.36,0,144,7.68
DA-BD,dualize bottomup dfs,15,0.7,0.30000000000000004,1,232,14.17,0,874,39.73,1,133,8.0,0,414,15.79,1,232,14.17,1,344,20.0,0.5652173913043478,1.0,0.9201,1,45,2.98,0,263,2.9
DA-BD,dualize bottomup dfs,15,0.8,0.20000000000000007,1,64,9.68,0,178,20.34,1,37,5.61,0,74,7.54,1,64,9.68,1,82,12.16,0.6521739130434783,1.0,0.9447,1,12,1.99,0,0,0.0
DA-BD,dualize bottomup dfs,15,0.9,0.10000000000000009,1,39,3.38,0,88,4.18,1,22,2.45,0,36,1.86,1,39,3.38,1,47,3.74,0.8260869565217391,1.0,0.9884,1,4,1.16,0,0,0.0
DA-BD,dualize bottomup dfs,15,1.0,1.1102230246251565E-16,1,1,1.0,0,0,0.0,1,1,1.0,0,0,0.0,1,1,1.0,1,1,1.0,1.0,1.0,1.0,1,1,1.0,0,0,0.0
DA-BB,dualize bottomup bfs,11,0.0,1.0,0,0,0.0,0,0,0.0,0,0,0.0,0,0,0.0,0,0,0.0,12,12,12.0,0.0,0.0,0.0,2,2,2.0,0,26,0.0705
DA-BB,dualize bottomup bfs,11,0.1,0.9,0,25,3.8535,0,150,20.7835,0,16,2.573,0,88,11.383,0,25,3.8535,1,168,37.896,0.0,1.0,0.1727,1,11,4.65,0,111,0.7305
DA-BB,dualize bottomup bfs,11,0.2,0.8,0,46,9.2235,0,251,43.4175,0,33,5.983,0,158,22.5935,0,46,9.2235,1,200,46.0235,0.0,1.0,0.3411,1,10,4.715,0,11,0.504
DA-BB,dualize bottomup bfs,11,0.3,0.7,0,61,12.1375,0,298,48.8895,0,40,7.7685,0,164,24.1855,0,61,12.1375,1,183,40.405,0.0,1.0,0.5065,1,9,4.043,0,6,0.3625
DA-BB,dualize bottomup bfs,11,0.4,0.6,0,50,12.3185,0,217,42.283,0,35,7.924,0,127,20.3885,0,50,12.3185,1,148,30.904,0.0,1.0,0.6353,1,7,3.332,0,4,0.233
DA-BB,dualize bottomup bfs,11,0.5,0.5,1,57,10.0465,0,217,28.665,1,39,6.5595,0,131,13.4865,1,57,10.0465,1,129,20.1085,0.15384615384615385,1.0,0.7529,1,7,2.586,0,4,0.115
DA-BB,dualize bottomup bfs,11,0.6,0.4,1,55,8.0095,0,172,18.943,1,35,5.31,0,91,8.705,1,55,8.0095,1,93,13.414,0.23076923076923078,1.0,0.8381,1,6,2.055,0,2,0.057
DA-BB,dualize bottomup bfs,11,0.7,0.30000000000000004,1,41,5.624,0,108,10.4965,1,24,3.8895,0,56,4.7835,1,41,5.624,1,61,7.998,0.2857142857142857,1.0,0.9088,1,5,1.627,0,2,0.029
DA-BB,dualize bottomup bfs,11,0.8,0.20000000000000007,1,39,3.829,0,103,5.2145,1,22,2.868,0,43,2.5745,1,39,3.829,1,57,4.749,0.5555555555555556,1.0,0.9564,1,4,1.333,0,2,0.012
DA-BB,dualize bottomup bfs,11,0.9,0.10000000000000009,1,20,2.151,0,47,1.6985,1,13,1.8365,0,20,0.9845,1,20,2.151,1,26,2.377,0.6956521739130435,1.0,0.9866,1,3,1.12,0,1,0.0035
DA-BB,dualize bottomup bfs,11,1.0,1.1102230246251565E-16,1,1,1.0,0,0,0.0,1,1,1.0,0,0,0.0,1,1,1.0,1,1,1.0,1.0,1.0,1.0,1,1,1.0,0,1,5.0E-4
DA-BB,dualize bottomup bfs,13,0.0,1.0,0,0,0.0,0,0,0.0,0,0,0.0,0,0,0.0,0,0,0.0,14,14,14.0,0.0,0.0,0.0,2,2,2.0,0,1,0.01
DA-BB,dualize bottomup bfs,13,0.1,0.9,0,29,6.2933,0,197,40.1567,0,21,4.03,0,127,21.2433,0,29,6.2933,1,266,61.99,0.0,1.0,0.1827,1,12,5.3967,0,22,1.03
DA-BB,dualize bottomup bfs,13,0.2,0.8,0,69,17.4567,0,409,94.26,0,48,11.3667,0,257,50.92,0,69,17.4567,1,315,85.8833,0.0,1.0,0.3559,1,11,5.65,0,57,3.3933
DA-BB,dualize bottomup bfs,13,0.3,0.7,0,103,22.33,0,563,104.9367,0,77,14.5133,0,382,54.8367,0,103,22.33,1,334,74.9033,0.0,1.0,0.5029,1,9,4.7333,0,69,2.5567
DA-BB,dualize bottomup bfs,13,0.4,0.6,1,95,19.0933,0,439,74.1933,1,64,12.3467,0,270,36.86,1,95,19.0933,1,255,47.98,0.13333333333333333,1.0,0.6562,1,8,3.6,0,20,1.1033
DA-BB,dualize bottomup bfs,13,0.5,0.5,1,82,15.5167,0,347,49.53,1,58,10.0467,0,207,23.6267,1,82,15.5167,1,179,31.0967,0.13333333333333333,1.0,0.7416,1,7,2.93,0,10,0.4333
DA-BB,dualize bottomup bfs,13,0.6,0.4,1,71,11.2033,0,255,29.1067,1,46,7.2533,0,138,13.08,1,71,11.2033,1,131,18.3833,0.34146341463414637,1.0,0.8418,1,6,2.1967,0,3,0.1333
DA-BB,dualize bottomup bfs,13,0.7,0.30000000000000004,1,44,7.62,0,110,15.8467,1,28,5.02,0,53,6.7267,1,44,7.62,1,66,10.79,0.5217391304347826,1.0,0.9059,1,5,1.7033,0,2,0.04
DA-BB,dualize bottomup bfs,13,0.8,0.20000000000000007,1,31,5.3633,0,85,8.8267,1,22,3.85,0,40,4.15,1,31,5.3633,1,47,6.8233,0.4878048780487805,1.0,0.9474,1,4,1.4367,0,1,0.0333
DA-BB,dualize bottomup bfs,13,0.9,0.10000000000000009,1,23,2.8867,0,51,2.7,1,14,2.37,0,20,1.5733,1,23,2.8867,1,30,3.1733,0.6666666666666666,1.0,0.986,1,3,1.1567,0,1,0.01
DA-BB,dualize bottomup bfs,13,1.0,1.1102230246251565E-16,1,1,1.0,0,0,0.0,1,1,1.0,0,0,0.0,1,1,1.0,1,1,1.0,1.0,1.0,1.0,1,1,1.0,0,0,0.0
DA-BB,dualize bottomup bfs,15,0.0,1.0,0,0,0.0,0,0,0.0,0,0,0.0,0,0,0.0,0,0,0.0,16,16,16.0,0.0,0.0,0.0,2,2,2.0,0,2,0.02
DA-BB,dualize bottomup bfs,15,0.1,0.9,0,47,13.0,0,394,97.52,0,34,8.54,0,268,55.54,0,47,13.0,1,462,128.05,0.0,1.0,0.1656,1,13,6.96,0,116,9.21
DA-BB,dualize bottomup bfs,15,0.2,0.8,0,113,34.75,0,693,219.41,0,82,22.92,0,457,122.91,0,113,34.75,1,558,174.73,0.0,1.0,0.3344,1,11,6.75,0,247,18.64
DA-BB,dualize bottomup bfs,15,0.3,0.7,1,149,41.49,0,849,210.28,1,100,27.45,0,488,115.35,1,149,41.49,1,504,136.61,0.11764705882352941,1.0,0.5152,1,10,5.17,0,149,11.79
DA-BB,dualize bottomup bfs,15,0.4,0.6,1,156,34.45,0,786,147.24,1,107,22.56,0,448,77.66,1,156,34.45,1,363,87.42,0.3017241379310345,1.0,0.6373,1,8,4.22,0,47,4.66
DA-BB,dualize bottomup bfs,15,0.5,0.5,1,108,24.15,0,452,87.61,1,67,15.76,0,213,43.2,1,108,24.15,1,204,49.42,0.2777777777777778,1.0,0.734,1,7,3.18,0,21,1.41
DA-BB,dualize bottomup bfs,15,0.6,0.4,1,86,18.1,0,315,54.0,1,57,11.25,0,175,23.98,1,86,18.1,1,154,30.73,0.4864864864864865,1.0,0.8121,1,6,2.64,0,6,0.43
DA-BB,dualize bottomup bfs,15,0.7,0.30000000000000004,1,72,9.66,0,225,23.72,1,44,6.13,0,106,9.57,1,72,9.66,1,123,14.24,0.55,1.0,0.904,1,5,1.85,0,2,0.12
DA-BB,dualize bottomup bfs,15,0.8,0.20000000000000007,1,34,5.5,0,88,9.93,1,19,3.63,0,34,3.76,1,34,5.5,1,45,6.86,0.6444444444444445,1.0,0.9593,1,4,1.4,0,1,0.01
DA-BB,dualize bottomup bfs,15,0.9,0.10000000000000009,1,25,3.37,0,57,4.04,1,16,2.58,0,21,1.92,1,25,3.37,1,33,3.83,0.75,1.0,0.9829,1,4,1.2,0,1,0.01
DA-BB,dualize bottomup bfs,15,1.0,1.1102230246251565E-16,1,1,1.0,0,0,0.0,1,1,1.0,0,0,0.0,1,1,1.0,1,1,1.0,1.0,1.0,1.0,1,1,1.0,0,0,0.0
